student_id,school,sex,age,studytime,failures,internet,attendance,G1,G2,G3
1,GP,F,21,4,0,yes,86.0,20,20.0,20
2,MS,M,16,3,0,yes,93.0,16,18.0,17
3,GP,F,16,2,0,yes,80.0,14,15.0,15
4,GP,M,18,1,0,yes,89.0,17,19.0,20
5,GP,F,16,2,0,yes,92.0,18,20.0,17
6,MS,M,16,3,0,yes,87.0,18,20.0,19
7,GP,M,20,3,0,yes,92.0,20,20.0,20
8,GP,F,18,2,0,no,,15,16.0,16
9,GP,F,20,2,0,yes,78.0,20,20.0,20
10,MS,F,21,2,0,yes,63.0,14,16.0,20
11,GP,F,21,2,0,no,94.0,16,18.0,17
12,GP,F,20,4,0,no,76.0,19,20.0,20
13,GP,F,21,3,0,yes,87.0,18,20.0,20
14,GP,F,18,3,1,no,89.0,19,19.0,17
15,MS,F,15,2,0,yes,88.0,13,15.0,13
16,GP,M,20,2,3,yes,65.0,11,11.0,9
17,MS,M,19,1,0,yes,94.0,15,17.0,20
18,MS,F,19,3,3,no,100.0,16,16.0,15
19,MS,M,16,1,0,no,96.0,16,15.0,17
20,GP,M,21,2,0,yes,83.0,19,18.0,19
21,MS,M,19,2,0,no,88.0,17,17.0,18
22,GP,M,16,3,0,,90.0,20,19.0,20
23,MS,F,15,2,0,no,94.0,20,20.0,20
24,MS,M,18,2,0,yes,92.0,16,16.0,15
25,MS,F,18,3,0,yes,80.0,19,20.0,17
26,MS,M,18,1,0,yes,91.0,15,13.0,15
27,MS,M,19,3,0,yes,82.0,20,20.0,20
28,MS,M,15,2,0,no,92.0,17,16.0,19
29,MS,F,19,2,0,no,62.0,14,13.0,14
30,MS,M,21,4,0,yes,77.0,19,19.0,20
31,GP,F,19,2,1,yes,84.0,15,19.0,17
32,GP,M,15,3,0,yes,90.0,18,19.0,20
33,MS,F,15,3,3,yes,62.0,10,9.0,10
34,MS,M,21,3,0,no,99.0,20,20.0,20
35,MS,F,15,2,1,yes,83.0,15,15.0,10
36,GP,F,15,1,1,yes,91.0,16,,14
37,MS,M,18,2,0,yes,81.0,16,17.0,16
38,GP,F,21,2,0,yes,82.0,17,19.0,20
39,GP,M,17,2,0,yes,61.0,17,20.0,17
40,GP,M,17,3,1,yes,86.0,20,17.0,15
41,GP,M,15,2,0,yes,61.0,14,18.0,15
42,GP,M,17,1,0,yes,85.0,20,20.0,17
43,MS,M,17,2,1,yes,76.0,12,11.0,15
44,MS,M,15,4,1,yes,99.0,20,20.0,20
45,MS,M,17,2,0,yes,92.0,17,20.0,20
46,MS,M,19,3,0,yes,68.0,16,18.0,19
47,MS,M,16,1,2,yes,98.0,14,9.0,12
48,GP,M,21,2,0,no,88.0,19,20.0,20
49,MS,M,16,2,0,yes,85.0,16,19.0,18
50,MS,F,15,2,1,no,94.0,11,13.0,10
11,GP,F,21,2,0,no,94.0,16,18.0,17
